key,code,instantiationMoment,providerName,customerName,goals,budget,key:project,key:client
contract-01,ABC-001,2000/04/23 21:00,Lorem ipsum,Lorem ipsum,Lorem ipsum,"EUR 1,000.00",project-01,client-01
contract-02,ABC-002,2000/01/01 00:00,Lorem ipsum,Lorem ipsum,Lorem ipsum,"EUR 1,000.00",project-01,client-01
contract-03,ABC-003,2000/01/01 00:01,Lorem ipsum,Lorem ipsum,Lorem ipsum,"EUR 1,000.00",project-01,client-01
contract-04,ABC-004,2000/04/23 21:00,L,Lorem ipsum,Lorem ipsum,"EUR 1,000.00",project-01,client-01
contract-05,ABC-005,2000/04/23 21:00,Lo,Lorem ipsum,Lorem ipsum,"EUR 1,000.00",project-01,client-01
contract-06,ABC-006,2000/04/23 21:00,Lorem ipsum dolor sit amet consectetur adipiscing elit Sed euismod elit a ,Lorem ipsum,Lorem ipsum,"EUR 1,000.00",project-01,client-01
contract-07,ABC-007,2000/04/23 21:00,Lorem ipsum dolor sit amet consectetur adipiscing elit Sed euismod elit at ,Lorem ipsum,Lorem ipsum,"EUR 1,000.00",project-01,client-01
contract-08,ABC-008,2000/04/23 21:00,æ¨£æœ¬æ¨™é¡Œ,Lorem ipsum,Lorem ipsum,"EUR 1,000.00",project-01,client-01
contract-09,ABC-009,2000/04/23 21:00,貸んい建濯よ芝弾テソ,Lorem ipsum,Lorem ipsum,"EUR 1,000.00",project-01,client-01
contract-10,ABC-010,2000/04/23 21:00,<p>This text is in HTML</p>,Lorem ipsum,Lorem ipsum,"EUR 1,000.00",project-01,client-01
contract-11,ABC-011,2000/04/23 21:00,<script>alert('Hi')</script>,Lorem ipsum,Lorem ipsum,"EUR 1,000.00",project-01,client-01
contract-12,ABC-012,2000/04/23 21:00,'A'='A',Lorem ipsum,Lorem ipsum,"EUR 1,000.00",project-01,client-01
contract-13,ABC-013,2000/04/23 21:00,SELECT ua FROM UserAccount ua,Lorem ipsum,Lorem ipsum,"EUR 1,000.00",project-01,client-01
contract-14,ABC-014,2000/04/23 21:00,Lorem ipsum,L,Lorem ipsum,"EUR 1,000.00",project-01,client-01
contract-15,ABC-015,2000/04/23 21:00,Lorem ipsum,Lo,Lorem ipsum,"EUR 1,000.00",project-01,client-01
contract-16,ABC-016,2000/04/23 21:00,Lorem ipsum,Lorem ipsum dolor sit amet consectetur adipiscing elit Sed euismod elit a ,Lorem ipsum,"EUR 1,000.00",project-01,client-01
contract-17,ABC-017,2000/04/23 21:00,Lorem ipsum,Lorem ipsum dolor sit amet consectetur adipiscing elit Sed euismod elit at ,Lorem ipsum,"EUR 1,000.00",project-01,client-01
contract-18,ABC-018,2000/04/23 21:00,Lorem ipsum,æ¨£æœ¬æ¨™é¡Œ,Lorem ipsum,"EUR 1,000.00",project-01,client-01
contract-19,ABC-019,2000/04/23 21:00,Lorem ipsum,貸んい建濯よ芝弾テソ,Lorem ipsum,"EUR 1,000.00",project-01,client-01
contract-20,ABC-020,2000/04/23 21:00,Lorem ipsum,<p>This text is in HTML</p>,Lorem ipsum,"EUR 1,000.00",project-01,client-01
contract-21,ABC-021,2000/04/23 21:00,Lorem ipsum,<script>alert('Hi')</script>,Lorem ipsum,"EUR 1,000.00",project-01,client-01
contract-22,ABC-022,2000/04/23 21:00,Lorem ipsum,'A'='A',Lorem ipsum,"EUR 1,000.00",project-01,client-01
contract-23,ABC-023,2000/04/23 21:00,Lorem ipsum,SELECT ua FROM UserAccount ua,Lorem ipsum,"EUR 1,000.00",project-01,client-01
contract-24,ABC-024,2000/04/23 21:00,Lorem ipsum,Lorem ipsum,L,"EUR 1,000.00",project-01,client-01
contract-25,ABC-025,2000/04/23 21:00,Lorem ipsum,Lorem ipsum,Lo,"EUR 1,000.00",project-01,client-01
contract-26,ABC-026,2000/04/23 21:00,Lorem ipsum,Lorem ipsum,Lorem ipsum dolor sit amet consectetur adipiscing elit. Sed euismod elit at est porttitor tristique,"EUR 1,000.00",project-01,client-01
contract-27,ABC-027,2000/04/23 21:00,Lorem ipsum,Lorem ipsum,Lorem ipsum dolor sit amet consectetur adipiscing elit. Sed euismod elit at est porttitor tristique ,"EUR 1,000.00",project-01,client-01
contract-28,ABC-028,2000/04/23 21:00,Lorem ipsum,Lorem ipsum,æ¨£æœ¬æ¨™é¡Œ,"EUR 1,000.00",project-01,client-01
contract-29,ABC-029,2000/04/23 21:00,Lorem ipsum,Lorem ipsum,貸んい建濯よ芝弾テソ,"EUR 1,000.00",project-01,client-01
contract-30,ABC-030,2000/04/23 21:00,Lorem ipsum,Lorem ipsum,<p>This text is in HTML</p>,"EUR 1,000.00",project-01,client-01
contract-31,ABC-031,2000/04/23 21:00,Lorem ipsum,Lorem ipsum,<script>alert('Hi')</script>,"EUR 1,000.00",project-01,client-01
contract-32,ABC-032,2000/04/23 21:00,Lorem ipsum,Lorem ipsum,'A'='A',"EUR 1,000.00",project-01,client-01
contract-33,ABC-033,2000/04/23 21:00,Lorem ipsum,Lorem ipsum,SELECT ua FROM UserAccount ua,"EUR 1,000.00",project-01,client-01
contract-34,ABC-034,2000/04/23 21:00,Lorem ipsum,Lorem ipsum,Lorem ipsum,"EUR 0.00",project-01,client-01
contract-35,ABC-035,2000/04/23 21:00,Lorem ipsum,Lorem ipsum,Lorem ipsum,"EUR 0.01",project-01,client-01