key,instantiationMoment,title,author,message,email,link
notice-01,2000/04/23 21:00,Lorem ipsum,"username - username, name",Lorem ipsum,correo@ejemplo.com,https://www.ejemplo.com
notice-02,2000/01/01 00:00,Lorem ipsum,"username - username, name",Lorem ipsum,correo@ejemplo.com,https://www.ejemplo.com
notice-03,2000/01/01 00:01,Lorem ipsum,"username - username, name",Lorem ipsum,correo@ejemplo.com,https://www.ejemplo.com
notice-04,2000/04/23 21:00,L,"username - username, name",Lorem ipsum,correo@ejemplo.com,https://www.ejemplo.com
notice-05,2000/04/23 21:00,Lo,"username - username, name",Lorem ipsum,correo@ejemplo.com,https://www.ejemplo.com
notice-06,2000/04/23 21:00,Lorem ipsum dolor sit amet consectetur adipiscing elit Sed euismod elit a ,"username - username, name",Lorem ipsum,correo@ejemplo.com,https://www.ejemplo.com
notice-07,2000/04/23 21:00,Lorem ipsum dolor sit amet consectetur adipiscing elit Sed euismod elit at ,"username - username, name",Lorem ipsum,correo@ejemplo.com,https://www.ejemplo.com
notice-08,2000/04/23 21:00,æ¨£æœ¬æ¨™é¡Œ,"username - username, name",Lorem ipsum,correo@ejemplo.com,https://www.ejemplo.com
notice-09,2000/04/23 21:00,貸んい建濯よ芝弾テソ,"username - username, name",Lorem ipsum,correo@ejemplo.com,https://www.ejemplo.com
notice-10,2000/04/23 21:00,<p>This text is in HTML</p>,"username - username, name",Lorem ipsum,correo@ejemplo.com,https://www.ejemplo.com
notice-11,2000/04/23 21:00,<script>alert('Hi')</script>,"username - username, name",Lorem ipsum,correo@ejemplo.com,https://www.ejemplo.com
notice-12,2000/04/23 21:00,'A'='A',"username - username, name",Lorem ipsum,correo@ejemplo.com,https://www.ejemplo.com
notice-13,2000/04/23 21:00,SELECT ua FROM UserAccount ua,"username - username, name",Lorem ipsum,correo@ejemplo.com,https://www.ejemplo.com
notice-14,2000/04/23 21:00,Lorem ipsum,"u - u, n",Lorem ipsum,correo@ejemplo.com,https://www.ejemplo.com
notice-15,2000/04/23 21:00,Lorem ipsum,"us - us, na",Lorem ipsum,correo@ejemplo.com,https://www.ejemplo.com
notice-16,2000/04/23 21:00,Lorem ipsum,"username - username, nameeeeeeeeeeeeeeeeeeeeeeeeeeeeeeeeeeeeeeeeeeeeeeeeeee",Lorem ipsum,correo@ejemplo.com,https://www.ejemplo.com
notice-17,2000/04/23 21:00,Lorem ipsum,"username - username, nameeeeeeeeeeeeeeeeeeeeeeeeeeeeeeeeeeeeeeeeeeeeeeeeee",Lorem ipsum,correo@ejemplo.com,https://www.ejemplo.com
notice-18,2000/04/23 21:00,Lorem ipsum,"username - username, æ¨£æœ¬æ¨™é¡Œ",Lorem ipsum,correo@ejemplo.com,https://www.ejemplo.com
notice-19,2000/04/23 21:00,Lorem ipsum,"username - username, 貸んい建濯よ芝弾テソ",Lorem ipsum,correo@ejemplo.com,https://www.ejemplo.com
notice-20,2000/04/23 21:00,Lorem ipsum,"username - username, <p>This text is in HTML</p>",Lorem ipsum,correo@ejemplo.com,https://www.ejemplo.com
notice-21,2000/04/23 21:00,Lorem ipsum,"username - username, <script>alert('Hi')</script>",Lorem ipsum,correo@ejemplo.com,https://www.ejemplo.com
notice-22,2000/04/23 21:00,Lorem ipsum,"username - username, 'A'='A'",Lorem ipsum,correo@ejemplo.com,https://www.ejemplo.com
notice-23,2000/04/23 21:00,Lorem ipsum,"username - username, SELECT ua FROM UserAccount ua",Lorem ipsum,correo@ejemplo.com,https://www.ejemplo.com
notice-24,2000/04/23 21:00,Lorem ipsum,"username - username, name",L,correo@ejemplo.com,https://www.ejemplo.com
notice-25,2000/04/23 21:00,Lorem ipsum,"username - username, name",Lo,correo@ejemplo.com,https://www.ejemplo.com
notice-26,2000/04/23 21:00,Lorem ipsum,"username - username, name",Lorem ipsum dolor sit amet consectetur adipiscing elit. Sed euismod elit at est porttitor tristique,correo@ejemplo.com,https://www.ejemplo.com
notice-27,2000/04/23 21:00,Lorem ipsum,"username - username, name",Lorem ipsum dolor sit amet consectetur adipiscing elit. Sed euismod elit at est porttitor tristique ,correo@ejemplo.com,https://www.ejemplo.com
notice-28,2000/04/23 21:00,Lorem ipsum,"username - username, name",æ¨£æœ¬æ¨™é¡Œ,correo@ejemplo.com,https://www.ejemplo.com
notice-29,2000/04/23 21:00,Lorem ipsum,"username - username, name",貸んい建濯よ芝弾テソ,correo@ejemplo.com,https://www.ejemplo.com
notice-30,2000/04/23 21:00,Lorem ipsum,"username - username, name",<p>This text is in HTML</p>,correo@ejemplo.com,https://www.ejemplo.com
notice-31,2000/04/23 21:00,Lorem ipsum,"username - username, name",<script>alert('Hi')</script>,correo@ejemplo.com,https://www.ejemplo.com
notice-32,2000/04/23 21:00,Lorem ipsum,"username - username, name",'A'='A',correo@ejemplo.com,https://www.ejemplo.com
notice-33,2000/04/23 21:00,Lorem ipsum,"username - username, name",SELECT ua FROM UserAccount ua,correo@ejemplo.com,https://www.ejemplo.com
notice-34,2000/04/23 21:00,Lorem ipsum,"username - username, name",Lorem ipsum,c@e.c,https://www.ejemplo.com
notice-35,2000/04/23 21:00,Lorem ipsum,"username - username, name",Lorem ipsum,co@ej.co,https://www.ejemplo.com
notice-36,2000/04/23 21:00,Lorem ipsum,"username - username, name",Lorem ipsum,correo@ejemploooooooooooooooooooooooooooooooooooooooooooooooooooooooooooooooooooooooooooooooooooooooooooooooooooooooooooooooooooooooooooooooooooooooooooooooooooooooooooooo.com,https://www.ejemplo.com
notice-37,2000/04/23 21:00,Lorem ipsum,"username - username, name",Lorem ipsum,correo@ejemplooooooooooooooooooooooooooooooooooooooooooooooooooooooooooooooooooooooooooooooooooooooooooooooooooooooooooooooooooooooooooooooooooooooooooooooooooooooooooooo.com,https://www.ejemplo.com
notice-38,2000/04/23 21:00,Lorem ipsum,"username - username, name",Lorem ipsum,correo@ejemplo.com,https://www.ejemplo.com
notice-39,2000/04/23 21:00,Lorem ipsum,"username - username, name",Lorem ipsum,æ¨£æœ¬æ¨™é¡Œ@ejemplo.com,https://www.ejemplo.com
notice-40,2000/04/23 21:00,Lorem ipsum,"username - username, name",Lorem ipsum,貸んい建濯よ芝弾テソ@ejemplo.com,https://www.ejemplo.com
notice-41,2000/04/23 21:00,Lorem ipsum,"username - username, name",Lorem ipsum,<p>This text is in HTML</p>@ejemplo.com,https://www.ejemplo.com
notice-42,2000/04/23 21:00,Lorem ipsum,"username - username, name",Lorem ipsum,<script>alert('Hi')</script>@ejemplo.com,https://www.ejemplo.com
notice-43,2000/04/23 21:00,Lorem ipsum,"username - username, name",Lorem ipsum,'A'='A'@ejemplo.com,https://www.ejemplo.com
notice-44,2000/04/23 21:00,Lorem ipsum,"username - username, name",Lorem ipsum,SELECT ua FROM UserAccount ua@ejemplo.com,https://www.ejemplo.com
notice-45,2000/04/23 21:00,Lorem ipsum,"username - username, name",Lorem ipsum,,https://www.ejemplo.com
notice-46,2000/04/23 21:00,Lorem ipsum,"username - username, name",Lorem ipsum,null,https://www.ejemplo.com
notice-47,2000/04/23 21:00,Lorem ipsum,"username - username, name",Lorem ipsum,correo@ejemplo.com,https://www.ejemplooooooooooooooooooooooooooooooooooooooooooooooooooooooooooooooooooooooooooooooooooooooooooooooooooooooooooooooooooooooooooooooooooooooooooooooooooooooooooooooooooooooooooooooooooooooooooooooooooooooooooooooooooooooooooooooooooooooooo.com
notice-48,2000/04/23 21:00,Lorem ipsum,"username - username, name",Lorem ipsum,correo@ejemplo.com,https://www.ejemploooooooooooooooooooooooooooooooooooooooooooooooooooooooooooooooooooooooooooooooooooooooooooooooooooooooooooooooooooooooooooooooooooooooooooooooooooooooooooooooooooooooooooooooooooooooooooooooooooooooooooooooooooooooooooooooooooooooo.com
notice-49,2000/04/23 21:00,Lorem ipsum,"username - username, name",Lorem ipsum,correo@ejemplo.com,
notice-50,2000/04/23 21:00,Lorem ipsum,"username - username, name",Lorem ipsum,correo@ejemplo.com,null