key,instantiation-moment,title,description,priority,status,duration-start,duration-end,link
objective-01,2000/03/06 11:00,Lorem ipsum,Lorem ipsum,LOW,false,2000/03/06 12:00,2000/03/08 15:00,https://es.wikipedia.org/wiki/Curso
objective-02,2000/01/01 00:00,Lorem ipsum,Lorem ipsum,LOW,false,2000/03/06 12:00,2000/03/08 15:00,https://es.wikipedia.org/wiki/Curso
objective-03,2000/01/01 00:01,Lorem ipsum,Lorem ipsum,LOW,false,2000/03/06 12:00,2000/03/08 15:00,https://es.wikipedia.org/wiki/Curso
objective-03.1,2004/02/29 00:00,Lorem ipsum,Lorem ipsum,LOW,false,2004/03/06 12:00,2004/03/08 15:00,https://es.wikipedia.org/wiki/Curso
objective-03.2,2022/07/30 00:00,Lorem ipsum,Lorem ipsum,LOW,false,2022/07/30 00:00,2022/07/30 00:00,https://es.wikipedia.org/wiki/Curso
objective-03.3,2022/07/29 23:59,Lorem ipsum,Lorem ipsum,LOW,false,2022/07/29 23:59,2022/07/29 23:59,https://es.wikipedia.org/wiki/Curso
objective-04,2000/03/06 11:00,L,Lorem ipsum,LOW,false,2000/03/06 12:00,2000/03/08 15:00,https://es.wikipedia.org/wiki/Curso
objective-05,2000/03/06 11:00,Lo,Lorem ipsum,LOW,false,2000/03/06 12:00,2000/03/08 15:00,https://es.wikipedia.org/wiki/Curso
objective-06,2000/03/06 11:00,LoremipsumLoremipsumLoremipsumLoremipsumLoremipsumLoremipsumLoremipsumLoren,Lorem ipsum,LOW,false,2000/03/06 12:00,2000/03/08 15:00,https://es.wikipedia.org/wiki/Curso
objective-07,2000/03/06 11:00,LoremipsumLoremipsumLoremipsumLoremipsumLoremipsumLoremipsumLoremipsumLore,Lorem ipsum,LOW,false,2000/03/06 12:00,2000/03/08 15:00,https://es.wikipedia.org/wiki/Curso
objective-08,2000/03/06 11:00,æ¨£æœ¬æ¨™é¡Œ,Lorem ipsum,LOW,false,2000/03/06 12:00,2000/03/08 15:00,https://es.wikipedia.org/wiki/Curso
objective-09,2000/03/06 11:00,貸んい建濯よ芝弾テソ,Lorem ipsum,LOW,false,2000/03/06 12:00,2000/03/08 15:00,https://es.wikipedia.org/wiki/Curso
objective-10,2000/03/06 11:00,<p>This text is in HTML</p>,Lorem ipsum,LOW,false,2000/03/06 12:00,2000/03/08 15:00,https://es.wikipedia.org/wiki/Curso
objective-11,2000/03/06 11:00,<script>alert('Hi')</script>,Lorem ipsum,LOW,false,2000/03/06 12:00,2000/03/08 15:00,https://es.wikipedia.org/wiki/Curso
objective-12,2000/03/06 11:00,'' or 'A'='A',Lorem ipsum,LOW,false,2000/03/06 12:00,2000/03/08 15:00,https://es.wikipedia.org/wiki/Curso
objective-13,2000/03/06 11:00,SELECT c FROM Contract OR 1=1,Lorem ipsum,LOW,false,2000/03/06 12:00,2000/03/08 15:00,https://es.wikipedia.org/wiki/Curso
objective-14,2000/03/06 11:00,Lorem ipsum,L,LOW,false,2000/03/06 12:00,2000/03/08 15:00,https://es.wikipedia.org/wiki/Curso
objective-15,2000/03/06 11:00,Lorem ipsum,Lo,LOW,false,2000/03/06 12:00,2000/03/08 15:00,https://es.wikipedia.org/wiki/Curso
objective-16,2000/03/06 11:00,Lorem ipsum,LoremipsumLoremipsumLoremipsumLoremipsumLoremipsumLoremipsumLoremipsumLoremipsumLoremipsumLoremipsum,LOW,false,2000/03/06 12:00,2000/03/08 15:00,https://es.wikipedia.org/wiki/Curso
objective-17,2000/03/06 11:00,Lorem ipsum,LoremipsumLoremipsumLoremipsumLoremipsumLoremipsumLoremipsumLoremipsumLoremipsmLoremipsumLoremipsum,LOW,false,2000/03/06 12:00,2000/03/08 15:00,https://es.wikipedia.org/wiki/Curso
objective-18,2000/03/06 11:00,Lorem ipsum,æ¨£æœ¬æ¨™é¡Œ,LOW,false,2000/03/06 12:00,2000/03/08 15:00,https://es.wikipedia.org/wiki/Curso
objective-19,2000/03/06 11:00,Lorem ipsum,貸んい建濯よ芝弾テソ,LOW,false,2000/03/06 12:00,2000/03/08 15:00,https://es.wikipedia.org/wiki/Curso
objective-20,2000/03/06 11:00,Lorem ipsum,<p>This text is in HTML</p>,LOW,false,2000/03/06 12:00,2000/03/08 15:00,https://es.wikipedia.org/wiki/Curso
objective-21,2000/03/06 11:00,Lorem ipsum,<script>alert('Hi')</script>,LOW,false,2000/03/06 12:00,2000/03/08 15:00,https://es.wikipedia.org/wiki/Curso
objective-22,2000/03/06 11:00,Lorem ipsum,'' or 'A'='A',LOW,false,2000/03/06 12:00,2000/03/08 15:00,https://es.wikipedia.org/wiki/Curso
objective-23,2000/03/06 11:00,Lorem ipsum,SELECT c FROM Contract OR 1=1,LOW,false,2000/03/06 12:00,2000/03/08 15:00,https://es.wikipedia.org/wiki/Curso
objective-24,2000/03/06 11:00,Lorem ipsum,Lorem ipsum,MEDIUM,false,2000/03/06 12:00,2000/03/08 15:00,https://es.wikipedia.org/wiki/Curso
objective-25,2000/03/06 11:00,Lorem ipsum,Lorem ipsum,HIGH,false,2000/03/06 12:00,2000/03/08 15:00,https://es.wikipedia.org/wiki/Curso
objective-26,2000/03/06 11:00,Lorem ipsum,Lorem ipsum,LOW,true,2000/03/06 12:00,2000/03/08 15:00,https://es.wikipedia.org/wiki/Curso
objective-27,2000/03/06 11:00,Lorem ipsum,Lorem ipsum,LOW,false,2000/03/06 11:01,2000/03/06 11:02,https://es.wikipedia.org/wiki/Curso
objective-28,2000/01/01 00:00,Lorem ipsum,Lorem ipsum,LOW,false,2000/01/01 00:01,2000/01/01 00:02,https://es.wikipedia.org/wiki/Curso
objective-29,2000/03/06 11:00,Lorem ipsum,Lorem ipsum,LOW,false,2000/03/06 12:00,2000/03/08 15:00,https://es.wikipedia.org/wiki/CursoCursoCursoCursoCursoCursoCursoCursoCursoCursoCursoCursoCursoCursoCursoCursoCursoCursoCursoCursoCursoCursoCursoCursoCursoCursoCursoCursoCursoCursoCursoCursoCursoCursoCursoCursoCursoCursoCursoCursoCursoCursoCursoCursoCurso
objective-30,2000/03/06 11:00,Lorem ipsum,Lorem ipsum,LOW,false,2000/03/06 12:00,2000/03/08 15:00,https://es.wikipedia.org/wiki/CursoCursoCursoCursoCursoCursoCursoCursoCursoCursoCursoCursoCursoCursoCursoCursoCursoCursoCursoCursoCursoCursoCursoCursoCursoCursoCursoCursoCursoCursoCursoCursoCursoCursoCursoCursoCursoCursoCursoCursoCursoCursoCursoCursoCurs
objective-31,2000/03/06 11:00,Lorem ipsum,Lorem ipsum,LOW,false,2000/03/06 12:00,2000/03/08 15:00,
objective-32,2000/03/06 11:00,Lorem ipsum,Lorem ipsum,LOW,false,2000/03/06 12:00,2000/03/08 15:00,null
objective-32.1,2000/03/06 11:00,Lorem ipsum,Lorem ipsum,LOW,false,2000/03/06 12:00,2000/03/08 15:00,ftp://www.example.com/myProfile
objective-32.2,2000/03/06 11:00,Lorem ipsum,Lorem ipsum,LOW,false,2000/03/06 12:00,2000/03/08 15:00,https://www.example.com?ejemplo=ejemplo&id=4
objective-32.3,2000/03/06 11:00,Lorem ipsum,Lorem ipsum,LOW,false,2000/03/06 12:00,2000/03/08 15:00,https://www.example.com?
objective-32.4,2000/03/06 11:00,Lorem ipsum,Lorem ipsum,LOW,false,2000/03/06 12:00,2000/03/08 15:00,https://www.んい建濯よ芝.com